1,Jiang,Qizhen,12111414,Female,19,Eastern China
2,Lv,Qiufeng,12110809,Female,19,Eastern China
3,Zheng,Runyi,11812628,Male,22,Eastern China
4,Dou,Youqing,11612519,Female,24,Eastern China
5,Smith,Alistair,12011919,Male,20,Europe
6,Evans,Jode,11311100,Female,27,Europe
7,Edwards,Ross,11610329,Male,24,Europe
8,Taylor,Steven,11112326,Male,29,Europe
9,Johnson,Andrew,11610803,Male,24,Europe
10,Harris,Juliana,11110725,Female,29,Europe
11,Hall,Fidelia,12012220,Female,20,Europe
12,White,Ted,11112911,Male,29,Europe
13,Walker,Polly,12112727,Female,19,Europe
14,Clarke,Emlyn,11710106,Male,23,Europe
15,Taylor,Nicole,11211510,Female,28,Europe
16,Jackson,Mimi,11910621,Female,21,Europe
17,White,Basil,12212123,Male,18,Europe
18,Patel,Cynthia,12111625,Female,19,Europe
19,Green,Irwin,12111906,Male,19,Europe
20,Thompson,Priscilla,11711710,Female,23,Europe
21,Clarke,Carrie,11711701,Female,23,Europe
22,Patel,Dulcie,11510201,Female,25,Europe
23,Williams,Debby,11810914,Female,22,Europe
24,Thompson,Ralph,11612521,Male,24,America
25,Green,Lou,12110421,Male,19,America
26,Hughes,Nicholas,11212200,Male,28,America
27,Thomas,Gracie,11411929,Female,26,America
28,Patel,Martina,11611508,Female,24,America
29,Brown,Malcolm,11911204,Male,21,America
30,Jones,Colin,12012309,Male,20,America
31,Brown,Vivian,11210120,Male,28,America
32,Taylor,Wayne,12211614,Male,18,America
33,Robinson,Theobald,11811426,Male,22,Europe
34,Thompson,Katharine,11810625,Female,22,Europe
35,Lewis,Alistair,11312521,Male,27,Europe
36,Harris,Rosalind,11212008,Female,28,Europe
37,Johnson,Samuel,11210622,Male,28,Europe
38,White,Tessa,11311906,Female,27,Europe
39,Smith,Lisa,11211002,Female,28,Europe
40,Smith,Bernie,11612024,Male,24,Europe
41,Taylor,Joseph,11910916,Male,21,Europe
42,Thompson,Camilla,11611210,Female,24,Europe
43,Davies,Joseph,11510416,Male,25,Europe
44,Evans,Christine,11611627,Female,24,Europe
45,Davies,Sophia,11910210,Female,21,Europe
46,Lewis,Lee,12111307,Male,19,Europe
47,Jones,Theodore,11411314,Male,26,Europe
48,White,Hector,11611227,Male,24,America
49,Smith,Mabel,11911804,Female,21,America
50,White,Muriel,12111613,Female,19,America
51,Feng,Zhenming,11511523,Male,25,Southern China
52,Yu,Xuelu,11510013,Female,25,Southern China
53,Williams,Gracie,12211518,Female,18,Asia
54,Thompson,Archibald,11210008,Male,28,Asia
55,Wilson,Jeanie,11612609,Female,24,Asia
56,White,Theo,11510326,Male,25,Asia
57,Hughes,Pius,11710803,Male,23,Asia
58,Wright,Charlene,11612301,Female,24,Asia
59,Robinson,Millie,11611811,Female,24,Asia
60,Roberts,Agnes,11510305,Female,25,Asia
61,Edwards,Murray,11810112,Male,22,Asia
62,White,Enos,11511922,Male,25,Asia
63,Thompson,Matt,11710512,Male,23,Asia
64,Hughes,Adelina,11712202,Female,23,Europe
65,Wright,Sonia,11512408,Female,25,Europe
66,Roberts,Sebastian,11812006,Male,22,Europe
67,White,Christian,11611101,Male,24,Europe
68,Harris,Marilyn,11112918,Female,29,Europe
69,Walker,Dottie,11710029,Female,23,Europe
70,Wilson,Bernie,12011319,Male,20,Europe
71,Hall,Milton,11112316,Male,29,Europe
72,Hughes,Karl,12212006,Male,18,Europe
73,Edwards,Elroy,11512118,Male,25,America
74,Roberts,Avis,11411901,Female,26,America
75,Thomas,Sally,12212215,Female,18,America
76,Green,Benjamin,12112001,Male,19,America
77,Roberts,Bobby,11412713,Male,26,America
78,Jackson,Sean,11510427,Male,25,America
79,Davies,Andrew,12110203,Male,19,America
80,Patel,Mabel,11610318,Female,24,America
81,Williams,Hedwig,12211226,Female,18,America
82,Evans,Deirdre,11211217,Female,28,America
83,Johnson,Tracy,11611819,Female,24,America
84,Hall,Faustina,11412900,Female,26,America
85,Hall,Marcia,12112122,Female,19,America
86,Jones,Liz,11710914,Female,23,America
87,Robinson,Jeffrey,11212711,Male,28,America
88,Roberts,Kirk,11211610,Male,28,Europe
89,Feng,Yixian,11412106,Male,26,Southwestern China
90,He,Yunshuo,11712016,Male,23,Southwestern China
91,Zhang,Wenke,11811304,Male,22,Southwestern China
92,Jiang,Zibin,11710012,Male,23,Southwestern China
93,Wu,Yuanchun,12010008,Female,20,Southwestern China
94,Shen,Yuanchun,11810206,Female,22,Southwestern China
95,Lv,Wanzhi,11310620,Female,27,Southwestern China
96,Chen,Chunfu,11512413,Female,25,Southwestern China
97,Wang,Jiaxuan,11812826,Male,22,Southwestern China
98,Qian,Jingxiang,11912215,Male,21,Southwestern China
99,Hua,Wenjing,11910723,Male,21,Southwestern China
100,Zhou,Manrui,11610317,Male,24,Southwestern China
101,Yan,Jiaye,12211326,Male,18,Southwestern China
102,He,Benqing,11610101,Male,24,Southwestern China
103,Shi,Shaohu,11412820,Male,26,Southwestern China
104,Shi,Yuzhou,11712019,Male,23,Southwestern China
105,Chen,Yuanxiang,11211219,Male,28,Southwestern China
106,Chen,Dongyan,12012820,Female,20,Southwestern China
107,Wilson,Julian,11111510,Male,29,America
108,Robinson,Poll,12011723,Female,20,America
109,Wright,Frankie,12010225,Male,20,America
110,Jackson,Joe,11212524,Male,28,America
111,Smith,Mandy,11412311,Female,26,America
112,Thompson,Fran,11911112,Female,21,America
113,Hughes,Sadie,11711514,Female,23,America
114,Lewis,Victor,11410502,Male,26,America
115,Wright,Timothy,11412623,Male,26,America
116,Davies,Ed,11810104,Male,22,America
117,Brown,Nan,11710008,Female,23,America
118,Patel,Sara,11210425,Female,28,America
119,Patel,Micky,12011708,Male,20,America
120,Wright,Pam,12011424,Female,20,America
121,Hughes,Moira,12210529,Female,18,America
122,Roberts,Leila,11511312,Female,25,America
123,Jackson,Lenny,11111605,Male,29,America
124,Lewis,Bob,11310829,Male,27,America
125,Thomas,Flora,11411019,Female,26,America
126,Roberts,Louisa,11812007,Female,22,America
127,Wright,Persis,11510816,Female,25,America
128,Roberts,Richie,11812407,Male,22,America
129,White,Dudley,11812728,Male,22,America
130,Taylor,Georgie,12010120,Female,20,America
131,Wilson,Benjamin,11712325,Male,23,America
132,Taylor,Ted,11710818,Male,23,America
133,White,Roger,11311712,Male,27,America
134,Smith,Juliet,12010313,Female,20,America
135,Evans,Audrey,11310324,Female,27,Europe
136,Wright,Mildred,11211017,Female,28,Europe
137,Lewis,Victor,11712200,Male,23,Europe
138,Walker,Alistair,11311901,Male,27,Europe
139,Wilson,Pat,11412011,Male,26,Europe
140,Brown,Leslie,11610326,Female,24,Europe
141,Robinson,Bonny,11211429,Female,28,Europe
142,Davies,Octavius,11310313,Male,27,Europe
143,Brown,Fidelia,11411425,Female,26,Europe
144,Wilson,Ray,12110429,Male,19,Europe
145,Hughes,Carrie,12110020,Female,19,Europe
146,Jones,Dave,11510209,Male,25,Europe
147,Johnson,Darrell,12011702,Male,20,America
148,Hughes,Patience,12012922,Female,20,America
149,Roberts,Winifred,11211210,Female,28,America
150,Wright,Marcia,11912320,Female,21,America
151,Patel,Ollie,11110405,Male,29,America
152,Thomas,Jackie,11211620,Female,28,America
153,Johnson,Florence,11511403,Female,25,America
154,Thompson,Diana,11911604,Female,21,America
155,Walker,Crystal,11910015,Female,21,America
156,Walker,Jennifer,11710304,Female,23,America
157,Roberts,Caesar,11210026,Male,28,America
158,Patel,Salome,11210906,Female,28,America
159,Robinson,Auberon,11211721,Male,28,Europe
160,Lewis,Florence,11812209,Female,22,Europe
161,Clarke,Julian,11810021,Male,22,Europe
162,Walker,Rupert,11610022,Male,24,Europe
163,Walker,Jock,11710522,Male,23,Europe
164,Smith,Milton,12110704,Male,19,Europe
165,Smith,Ollie,11612502,Male,24,Europe
166,He,Hanwu,11612410,Male,24,Northern China
167,Jing,Kaiyu,11611500,Male,24,Northern China
168,Clarke,Catherine,11112520,Female,29,America
169,Wang,Linglian,12112312,Female,19,Northern China
170,Zou,Jingye,11910106,Male,21,Northern China
171,Zhou,Hanling,11410421,Female,26,Northern China
172,Li,Linglian,11112116,Female,29,Northern China
173,Wei,Ruize,11912713,Male,21,Northern China
174,Yan,Xiangheng,11210708,Male,28,Northern China
175,Jackson,Hannah,12212407,Female,18,Europe
176,Lewis,Dermot,11112504,Male,29,Europe
177,Robinson,Burt,12010902,Male,20,Europe
178,Green,Robin,11811307,Female,22,Europe
179,Thomas,Olympia,11911627,Female,21,Europe
180,Davies,Adolf,12211913,Male,18,Europe
181,Johnson,Frieda,12112006,Female,19,Europe
182,Lewis,Jeff,11710828,Male,23,Europe
183,Edwards,Charlene,11610900,Female,24,Europe
184,Harris,Lenny,11610600,Male,24,America
185,Harris,Ivan,12110325,Male,19,America
186,Smith,Danny,12111219,Male,19,America
187,Smith,Aggie,11112822,Female,29,America
188,Johnson,Vivian,11910717,Male,21,Europe
189,Smith,Ozzie,12212108,Male,18,Europe
190,Johnson,Jim,11711609,Male,23,Europe
191,Hall,Lucy,12112210,Female,19,Europe
192,Patel,Eleanor,12110225,Female,19,Europe
193,Davies,Rebecca,11410826,Female,26,Europe
194,Smith,Camilla,11312828,Female,27,Europe
195,Thompson,Stan,12111112,Male,19,Europe
196,Thomas,Gavin,11410100,Male,26,Europe
197,Wilson,Bernadette,11911729,Female,21,Europe
198,Green,Nora,12011219,Female,20,Europe
199,Thompson,Frieda,11911702,Female,21,Europe
200,Johnson,Susan,11611106,Female,24,Europe
201,Jones,Gillian,11211305,Female,28,Europe
202,Qi,Yousong,11112919,Female,29,Northern China
203,Jiang,Wenyin,11211517,Male,28,Northern China
204,Tao,Erqing,11712500,Female,23,Northern China
205,Wang,Yuyang,12011818,Female,20,Northern China
206,Chu,Fangqin,11811514,Female,22,Northern China
207,Qi,Erqing,11211708,Female,28,Northern China
208,Li,Cailing,11710825,Female,23,Northern China
209,Zhao,Jiayu,12111601,Male,19,Northern China
210,Zhu,Zicheng,11412313,Male,26,Northern China
211,Hua,Yuwen,11511720,Female,25,Northern China
212,He,Wenming,11812127,Male,22,Northern China
213,Qi,Rufeng,11411616,Female,26,Northern China
214,Xie,Jiashuai,11310409,Male,27,Northern China
215,Qi,Zhuyu,11112523,Male,29,Northern China
216,Zheng,Hanxiang,12111627,Female,19,Northern China
217,Chen,Ruoke,12011416,Male,20,Northern China
218,Zhou,Leqiao,12211711,Female,18,Northern China
219,Xie,Zicheng,11412317,Male,26,Northern China
220,Li,Ningzhen,11810208,Female,22,Northern China
221,Zheng,Bochang,12211105,Male,18,Northern China
222,Wu,Yuyang,11410101,Female,26,Northern China
223,Wei,Mufeng,11510105,Male,25,Northern China
224,Qi,Ruize,11410318,Male,26,Northern China
225,Tao,Jiaji,11212815,Male,28,Northern China
226,Yu,Shanwei,11612514,Female,24,Northern China
227,Qing,Zhuyu,12111825,Male,19,Northern China
228,Qing,Maoan,11510023,Male,25,Northern China
229,Zhang,Peiling,11510426,Female,25,Northern China
230,Xie,Zhenming,12211718,Male,18,Northern China
231,Jiang,Yuqiao,11411917,Female,26,Northern China
232,Cao,Chuling,11611606,Female,24,Northern China
233,Wang,Fanzhen,12112609,Female,19,Northern China
234,Zhou,Zhongxiao,11212119,Male,28,Northern China
235,Tao,Yixuan,11312106,Male,27,Northern China
236,Xu,Ziyan,11812018,Male,22,Northern China
237,Zhang,Zhaoyu,11111311,Male,29,Northern China
238,Feng,Jingping,11110802,Female,29,Northern China
239,Smith,Fran,11512016,Female,25,Europe
240,Jones,Anne,11810126,Female,22,Europe
241,Clarke,Martha,11410311,Female,26,Europe
242,Taylor,Undine,11512115,Female,25,Europe
243,Green,Dominic,11710327,Male,23,Europe
244,Lewis,Eric,11610016,Male,24,Europe
245,Wright,Christian,11311902,Male,27,Europe
246,Taylor,Glenda,11910811,Female,21,America
247,Clarke,Otto,11511317,Male,25,America
248,Evans,Jeanie,11410014,Female,26,Asia
249,Thompson,Edward,11912925,Male,21,Asia
250,Hughes,Tel,11612508,Male,24,Asia
251,Johnson,Joan,11612426,Female,24,Asia
252,Patel,Dennis,11911223,Male,21,Asia
253,Taylor,Adelina,11210506,Female,28,Asia
254,Hall,Marilyn,12112604,Female,19,Asia
255,Hall,Uerica,12011701,Female,20,Asia
256,Wright,Bernadette,11811911,Female,22,Europe
257,Davies,Murray,11210413,Male,28,Europe
258,Smith,Anthea,11712312,Female,23,Europe
259,Xie,Yishuang,12011728,Female,20,Northern China
260,Kong,Yibo,11311024,Female,27,Northern China
261,Xu,Yingzhi,11911115,Female,21,Northern China
262,Walker,Florence,11312922,Female,27,America
263,Smith,Auberon,12210428,Male,18,America
264,Roberts,Felicity,11310009,Female,27,America
265,Robinson,Patience,11510409,Female,25,Asia
266,Lewis,Cherry,11912303,Female,21,Asia
267,Jackson,Janey,11410213,Female,26,Asia
268,Clarke,Martina,11112514,Female,29,Asia
269,Roberts,Marshall,11511825,Male,25,Asia
270,Jackson,Robby,12210524,Male,18,Europe
271,Wilson,Judy,11212823,Female,28,Europe
272,Johnson,Reg,11110916,Male,29,Europe
273,White,Eli,11611019,Male,24,America
274,White,Errol,11812521,Male,22,America
275,Wilson,Mary,11212510,Female,28,America
276,Evans,Miriam,11311817,Female,27,America
277,Jackson,Poll,11910706,Female,21,Europe
278,Lewis,Henry,12212027,Male,18,Asia
279,Walker,Urania,11411612,Female,26,Asia
280,Walker,Amos,11612315,Male,24,Asia
281,Davies,Joseph,12210020,Male,18,Europe
282,Green,Clarence,11512902,Male,25,Asia
283,Walker,Geraint,11310224,Male,27,Asia
284,Brown,Jode,12212801,Female,18,Asia
285,Wilson,Fiona,11510006,Female,25,Asia
286,Harris,Sophronia,11611721,Female,24,Asia
287,Evans,Trevor,12210929,Male,18,Asia
288,Jones,Jessica,12011018,Female,20,Asia
289,Smith,Wilfred,11710004,Male,23,Asia
290,Edwards,Steven,12211522,Male,18,Asia
291,Clarke,Edmund,12211014,Male,18,Asia
292,Green,Oliver,12112211,Male,19,Asia
293,Hall,Ron,12110722,Male,19,Asia
294,Evans,Leslie,12111323,Male,19,Asia
295,Brown,Eulalia,11712222,Female,23,Asia
296,Clarke,Leonard,12211508,Male,18,Asia
297,Jones,Patti,11512202,Female,25,Asia
298,Hughes,Graham,11812708,Male,22,Asia
299,Johnson,Patrick,12211220,Male,18,Asia
300,Hall,Barbara,11910129,Female,21,Asia
301,Smith,Phoebe,11911120,Female,21,Asia
302,Harris,Hilda,11710110,Female,23,Asia
303,Davies,Anne,11211323,Female,28,Asia
304,Harris,Tommy,12211603,Male,18,Asia
305,Lewis,Naomi,11212724,Female,28,America
306,Walker,Ivy,11211501,Female,28,America
307,Jones,Joanne,11511213,Female,25,America
308,Davies,Lindsay,11612800,Female,24,America
309,Harris,Angelica,12110614,Female,19,America
310,Williams,Maureen,12112505,Female,19,America
311,Roberts,Miranda,12212915,Female,18,America
312,Williams,Alden,11311405,Male,27,America
313,Jackson,Candida,11710128,Female,23,America
314,Zou,Haozhen,11210204,Male,28,Northern China
315,Wright,Jasper,11911323,Male,21,America
316,Harris,Clare,11110319,Male,29,America
317,Clarke,Mary,11311921,Female,27,America
318,Brown,Sandra,11811417,Female,22,America
319,Green,Floyd,11310305,Male,27,America
320,Edwards,Malcolm,11312003,Male,27,America
321,Brown,Crystal,11412715,Female,26,America
322,Brown,Lynn,11512928,Female,25,America
323,Brown,Luke,12011920,Male,20,America
324,Evans,Pete,11111217,Male,29,Asia
325,Williams,Sid,11611702,Male,24,Asia
326,Taylor,Susanna,11310703,Female,27,Asia
327,Clarke,Jessy,12212618,Male,18,Europe
328,Edwards,Sal,11112206,Female,29,Europe
329,Jones,Elsa,12112300,Female,19,Europe
330,Williams,Alma,11810722,Female,22,America
331,Smith,Aggie,12111926,Female,19,America
332,White,Cheryl,12110515,Female,19,America
333,Johnson,Jesse,11112416,Male,29,America
334,Taylor,Olive,11110321,Female,29,America
335,Thomas,Felix,12112400,Male,19,America
336,Thompson,Lester,11712125,Male,23,America
337,Hall,Charlene,11411820,Female,26,Europe
338,Thompson,Amy,11611103,Female,24,Europe
339,Thompson,Theobald,11410203,Male,26,Europe
340,Lewis,Trudie,12010421,Female,20,Europe
341,Green,Clare,11611511,Female,24,Europe
342,Green,Ray,12011019,Male,20,Europe
343,Brown,Brian,11311700,Male,27,Europe
344,Davies,Charlotte,11311229,Female,27,Europe
345,Davies,Betty,12111828,Female,19,Europe
346,Lewis,Archibald,12010703,Male,20,Europe
347,Williams,Sandra,11112015,Female,29,America
348,Harris,Noah,11310914,Male,27,America
349,Lewis,Malachi,11410820,Male,26,America
350,Taylor,Karen,12210703,Female,18,America
351,Thomas,Gareth,11312426,Male,27,America
352,Clarke,Vivian,11112908,Male,29,America
353,Thomas,Jill,11112003,Female,29,America
354,Edwards,Evelyn,11111115,Female,29,America
355,Evans,Melissa,11410703,Female,26,America
356,Hughes,Tel,11211414,Male,28,America
357,Edwards,Paul,11710200,Male,23,America
358,Clarke,Isabel,11711603,Female,23,Europe
359,Hughes,Mitchell,11812801,Male,22,Europe
360,Smith,Oz,11810706,Male,22,Europe
361,Thomas,Hamilton,11812802,Male,22,Europe
362,Evans,Allson,12111324,Female,19,Europe
363,Davies,Gracie,12010605,Female,20,Europe
364,Patel,Willy,11312304,Male,27,Europe
365,Hall,Vicky,11210010,Female,28,Europe
366,Davies,Teresa,11812821,Female,22,Europe
367,Roberts,Moira,11712215,Female,23,America
368,Thomas,Dottie,12110129,Female,19,Europe
369,Robinson,Salome,11312409,Female,27,Asia
370,Clarke,Dustin,11610927,Male,24,Asia
371,Roberts,Jo,11512308,Female,25,Asia
372,Davies,Benjamin,12211106,Male,18,Asia
373,Green,Daniel,11611112,Male,24,Asia
374,Hall,Anita,11810107,Female,22,Asia
375,Hall,Tina,11112709,Female,29,Asia
376,Hall,Scott,11411005,Male,26,Asia
377,Wilson,Oliver,11211116,Male,28,Asia
378,Taylor,Lindsay,11312022,Female,27,Asia
379,Edwards,Allson,12210508,Female,18,Asia
380,Wright,Arnold,12010806,Male,20,Asia
381,Lewis,Lester,11911015,Male,21,Asia
382,Walker,Ned,11810305,Male,22,Asia
383,Hughes,Van,11912417,Male,21,Asia
384,Williams,Florrie,12212007,Female,18,Asia
385,Patel,Brian,11112809,Male,29,Asia
386,Williams,Miranda,12210427,Female,18,America
387,Harris,Eva,11112415,Female,29,Asia
388,Edwards,Theo,12010521,Male,20,Asia
389,Yang,Bisong,11212212,Female,28,Northern China
390,Zou,Lengrou,11711721,Female,23,Northern China
391,Bai,Xuelu,12210516,Female,18,Northern China
392,Qing,Mining,12011802,Female,20,Northern China
393,Zhu,Wenlu,12211417,Male,18,Northern China
394,Evans,Rosalie,11212621,Female,28,Asia
395,Edwards,Bud,11611617,Male,24,Asia
396,Edwards,Mary,11610902,Female,24,Asia
397,Roberts,Richard,11512522,Male,25,Asia
398,Harris,Lucinda,11310020,Female,27,Asia
399,Jones,Sean,11111304,Male,29,Asia
400,Clarke,Norm,11410503,Male,26,Asia
401,Davies,Maureen,11212012,Female,28,Asia
402,Walker,Rick,11711310,Male,23,Asia
403,White,Phoebe,11110711,Female,29,Asia
404,Lewis,Elsa,11912610,Female,21,Asia
405,Patel,Libby,11610606,Female,24,Asia
406,Hughes,Bertran,12112511,Male,19,America
407,Taylor,Tricia,11910806,Female,21,Asia
408,Lv,Yinghui,11611816,Female,24,Northern China
409,Jing,Zhidie,12110806,Female,19,Northern China
410,Feng,Yishan,11211015,Female,28,Northern China
411,Jiang,Qicheng,11111618,Male,29,Northern China
412,Chu,Pingning,11810114,Female,22,Northern China
413,Yan,Chunan,11211813,Male,28,Northern China
414,Han,Siyu,12211817,Male,18,Northern China
415,Chu,Youqing,11912728,Female,21,Northern China
416,Qi,Haizhen,11110111,Female,29,Northern China
417,Qi,Hanxiang,11112200,Male,29,Northern China
418,Edwards,Hamilton,12211025,Male,18,Asia
419,Wright,Dan,11911807,Male,21,America
420,Harris,Michael,11411910,Male,26,America
421,Walker,Mignon,12212523,Female,18,Europe
422,Wright,Gene,11112106,Male,29,Europe
423,Roberts,Rosalind,11911424,Female,21,Europe
424,Roberts,Vincent,11511423,Male,25,Europe
425,Wright,Greg,12111702,Male,19,Asia
426,Thomas,Stanley,11712313,Male,23,Asia
427,Wright,Olive,11711521,Female,23,Asia
428,Walker,Felix,11612205,Male,24,Asia
429,Hall,Susan,11510115,Female,25,America
430,Harris,Ed,11411720,Male,26,Europe
431,Wright,Nancy,11410910,Female,26,Europe
432,Smith,Sylvia,12210311,Female,18,Asia
433,Zhang,Yilv,12111907,Female,19,Northern China
434,Zheng,Jiaxuan,12010201,Male,20,Northern China
435,Yang,Xiangheng,12011508,Male,20,Northern China
436,Jing,Ziyu,11111028,Male,29,Northern China
437,Yang,Nuobo,11612421,Male,24,Eastern China
438,Qi,Fanrui,11611317,Male,24,Eastern China
439,You,Yunzhi,11610700,Male,24,Eastern China
440,Lv,Shunhang,11212217,Male,28,Eastern China
441,Shen,Zhiteng,11511906,Male,25,Eastern China
442,Zou,Panlei,11312809,Female,27,Eastern China
443,Zhu,Fanyan,11712216,Female,23,Eastern China
444,Robinson,David,11510024,Male,25,Europe
445,Clarke,Toni,11310927,Female,27,America
446,Edwards,Cathy,11310127,Female,27,Europe
447,Robinson,Phil,12212700,Male,18,Europe
448,Smith,Corinna,12210120,Female,18,Asia
449,Hall,Marshall,11311615,Male,27,Asia
450,Wright,Judy,11511524,Female,25,Asia
451,Smith,Georgina,11911012,Female,21,Asia
452,Evans,Jason,11610717,Male,24,Asia
453,Wilson,Rosie,11911402,Female,21,Asia
454,Thompson,Gwendoline,12011418,Female,20,Asia
455,Jackson,Gene,11911118,Male,21,Asia
456,Wright,Audrey,11812701,Female,22,Asia
457,Walker,Allen,11311619,Male,27,Europe
458,Taylor,Vanessa,11510803,Female,25,Europe
459,White,Basil,12010417,Male,20,Europe
460,Thomas,Alfred,12111227,Male,19,Europe
461,Brown,Philemen,11410905,Male,26,America
462,Harris,Abe,12211623,Male,18,Asia
463,Robinson,Jane,11812423,Female,22,Asia
464,Jackson,Frank,11310103,Male,27,Asia
465,Evans,Al,11910017,Male,21,Asia
466,Evans,Mike,12111028,Male,19,Asia
467,Harris,Maria,12111107,Female,19,Asia
468,Edwards,Judith,11211527,Female,28,Asia
469,Walker,Christopher,11411312,Male,26,Asia
470,Davies,Padraic,11811615,Male,22,Asia
471,Patel,Bridget,11310110,Female,27,Asia
472,Edwards,Daisy,11210712,Female,28,Asia
473,Thompson,Saul,11410214,Male,26,Asia
474,Thompson,Gerald,11511513,Male,25,Asia
475,White,Allson,11710218,Female,23,Asia
476,Walker,Sal,11612913,Female,24,Asia
477,Wilson,Molly,11310212,Female,27,Asia
478,White,Brittany,11210713,Female,28,Asia
479,Robinson,Dermot,11210514,Male,28,Asia
480,Jackson,David,11911227,Male,21,Asia
481,Zhou,Yuyang,11512503,Female,25,Northern China
482,Qian,Xiaodie,11512212,Female,25,Northern China
483,Qing,Muxue,11412917,Female,26,Northern China
484,Kong,Yuqiao,11511608,Female,25,Northern China
485,Dou,Ruichen,12111803,Male,19,Northern China
486,Shi,Congde,11311011,Male,27,Northern China
487,Wei,Shengjian,11410003,Male,26,Northern China
488,White,Lou,11212120,Male,28,Europe
489,Brown,Norman,11512601,Male,25,Europe
490,Taylor,Hal,11912318,Male,21,Asia
491,Williams,Allen,11512713,Male,25,Asia
492,Li,Rufeng,11512206,Female,25,Southwestern China
493,He,Hanwu,12112619,Male,19,Southwestern China
494,Jiang,Hanxuan,11310425,Female,27,Southwestern China
495,Li,Danqing,11812410,Female,22,Southwestern China
496,Zhang,Chilv,11612727,Female,24,Southwestern China
497,Feng,Hendong,11712421,Female,23,Southwestern China
498,Jiang,Jingjie,11412302,Male,26,Southwestern China
499,Jiang,Zhenming,12112622,Male,19,Southwestern China
500,You,Bisong,11510400,Female,25,Southwestern China
501,Liu,Hanshuang,11810525,Female,22,Southwestern China
502,Zheng,Biyan,11910019,Female,21,Southwestern China
503,Chen,Ziyan,11211422,Male,28,Southwestern China
504,Han,Leqiao,12212110,Female,18,Southwestern China
505,Tao,Yihan,11211202,Female,28,Southwestern China
506,Yu,Miaocui,11711122,Female,23,Southwestern China
507,Wu,Mimei,11411829,Female,26,Southwestern China
508,Xu,Fanrui,11211029,Male,28,Southwestern China
509,Qian,"",11411614,Female,26,Southwestern China
510,Zhou,Hanan,11511318,Female,25,Southwestern China
511,Zhao,Bandan,11610109,Female,24,Southwestern China
512,Kong,Xiaohuai,11811919,Female,22,Southwestern China
513,Hua,Haonan,12012621,Male,20,Southwestern China
514,Yan,Yingwen,11811720,Female,22,Southwestern China
515,You,Xiangxing,11511710,Male,25,Southwestern China
516,Wei,Ruichen,11810528,Male,22,Southwestern China
517,Shi,Tingping,11312100,Female,27,Southwestern China
518,Xu,Lvping,11510102,Female,25,Southwestern China
519,Tao,Hanfeng,11612811,Female,24,Southwestern China
520,Zou,Biyan,11210406,Female,28,Southwestern China
521,Zhao,"",11811223,Female,22,Southwestern China
522,Jiang,Boran,11712501,Male,23,Southwestern China
523,Wu,Xiangxing,11412001,Male,26,Southwestern China
524,Jing,Jiaji,12210502,Male,18,Southwestern China
525,Shi,Ningtao,12011924,Female,20,Northern China
526,Jing,Manyun,12210612,Female,18,Northern China
527,Hughes,Theodoric,11211016,Male,28,Europe
528,Thomas,Otto,11912919,Male,21,Europe
529,Robinson,Diana,11210423,Female,28,Europe
530,Harris,Gaston,11311624,Male,27,Europe
531,Green,Mimi,12112613,Female,19,Europe
532,Wilson,Kent,11710805,Male,23,America
533,Jackson,Ronnie,12110528,Male,19,Asia
534,Jackson,Craig,11312723,Male,27,Asia
535,Wilson,Fidelia,12012421,Female,20,Europe
536,Evans,Phyllis,11112029,Female,29,America
537,Taylor,Joanne,11410404,Female,26,America
538,Walker,Cecil,11912404,Male,21,Asia
539,Johnson,Vivien,12211320,Female,18,Europe
540,Patel,Evadne,11711021,Female,23,Asia
541,Jackson,Hortensia,11511000,Female,25,Asia
542,Feng,Lewen,11611122,Male,24,Northern China
543,Taylor,Lisa,11911700,Female,21,America
544,Zhang,Rongchun,11410106,Male,26,Northern China
545,Feng,Ziyu,12110824,Male,19,Northern China
546,Qing,Fanyan,12012107,Female,20,Northern China
547,Wei,Leqiao,11812422,Female,22,Northern China
548,Jing,Hanshuang,11812518,Female,22,Northern China
549,Jiang,Feiqing,11511203,Female,25,Northern China
550,Han,Hanwu,12110927,Male,19,Northern China
551,Qing,Shiyun,11710319,Female,23,Northern China
552,Qi,Yilang,12210022,Male,18,Northern China
553,Qian,Nandie,12211003,Female,18,Northern China
554,Davies,Marcie,12011517,Female,20,America
555,Yang,Huanwen,11910202,Female,21,Southern China
556,Zou,Jiayu,12112203,Male,19,Southern China
557,Bai,Dongtao,11211418,Female,28,Southern China
558,Yan,Chilv,11112222,Female,29,Southern China
559,Dou,Huaiyu,12110902,Male,19,Southern China
560,Wu,Yunzhi,11411723,Male,26,Southern China
561,Lv,Yinxiang,11912423,Male,21,Southern China
562,Wang,Yingtao,11612721,Female,24,Southern China
563,Qi,Lvwei,12212815,Female,18,Southern China
564,He,Chilv,12210911,Female,18,Southern China
565,Lv,Yuanxiang,11412512,Male,26,Southern China
566,Cao,Yuanhong,11410529,Male,26,Southern China
567,Feng,Erhan,11311524,Female,27,Southern China
568,Zheng,Anran,11411412,Male,26,Southern China
569,Wei,Zibin,12012502,Male,20,Southern China
570,Wang,Wenqiu,11810002,Female,22,Southern China
571,Sun,Chufeng,11511814,Female,25,Southern China
572,Lewis,Tricia,11111113,Female,29,Asia
573,Jones,Rosalyn,11211302,Female,28,Asia
574,Thompson,Craig,11312229,Male,27,Asia
575,Thomas,Dan,11211428,Male,28,Asia
576,Chu,Yiqing,11911902,Female,21,Southern China
577,Sun,Hanxiang,11512809,Female,25,Southern China
578,Yu,Kaiyu,11510826,Male,25,Southern China
579,Zhou,Shishan,11511413,Female,25,Southern China
580,Yu,Feiqing,11411003,Female,26,Southern China
581,Shi,Tianlan,12211415,Female,18,Southern China
582,Wei,Runbin,11311028,Male,27,Southern China
583,Qi,Jiaye,11711728,Male,23,Southern China
584,Sun,Siyu,12011500,Male,20,Southern China
585,Yu,Ziyun,11412326,Female,26,Southern China
586,Zhu,Yueqi,12010909,Male,20,Southern China
587,Wei,Yanhong,11112606,Male,29,Southern China
588,Qing,Qizheng,11210909,Male,28,Southern China
589,Cao,Yanlei,11711714,Female,23,Southern China
590,Dou,Huanqing,11912706,Female,21,Southern China
591,Sun,"",11911800,Female,21,Southern China
592,Yan,Xiaofeng,11610015,Male,24,Southern China
593,Shui,Xiangchen,11610925,Male,24,Southern China
594,Zou,Xiaorou,11711209,Female,23,Southern China
595,Wang,Zhengsong,12112900,Male,19,Southern China
596,Qi,Binzhu,12112902,Male,19,Southern China
597,You,Shengjian,11312700,Male,27,Southern China
598,Dou,Yansen,11210925,Male,28,Southern China
599,Xu,Yixian,11612909,Male,24,Southern China
600,Jing,Xiaotian,11611905,Female,24,Southern China
601,Jing,Chutai,12112707,Male,19,Eastern China
602,Wang,Nuobo,11112126,Male,29,Eastern China
603,He,Fangqin,11712922,Female,23,Eastern China
604,Liu,Feilei,11511410,Female,25,Eastern China
605,Zhou,Lengrou,11512104,Female,25,Eastern China
606,Zhang,Jiayu,11710709,Male,23,Eastern China
607,Lv,Jingwei,11510407,Male,25,Eastern China
608,Jiang,Junzhuo,12010126,Male,20,Eastern China
609,Shen,Qizhen,11210028,Female,28,Eastern China
610,Hua,Erqiu,11210512,Female,28,Eastern China
611,Chu,Yiqing,11510902,Female,25,Eastern China
612,Wang,Jinbo,11512218,Male,25,Eastern China
613,Zhang,Wanzhi,12011529,Female,20,Eastern China
614,Feng,Ermei,12211000,Female,18,Eastern China
615,You,Hanfeng,11311108,Female,27,Eastern China
616,Tao,Yinghui,11712907,Female,23,Eastern China
617,Xie,Tingwei,12012613,Female,20,Eastern China
618,Smith,George,11612422,Male,24,Asia
619,Smith,Camilla,12211502,Female,18,Asia
620,Taylor,Jackie,11110611,Female,29,Asia
621,Dou,Youtong,11612910,Male,24,Eastern China
622,Cao,Jiashu,11912419,Male,21,Northern China
623,Feng,Chutai,11210011,Male,28,Northern China
624,Chu,Guqiu,12211905,Female,18,Northern China
625,Xie,Linchuan,11510010,Male,25,Northern China
626,Wu,Jianxi,11112607,Male,29,Northern China
627,Jing,Yingtian,12212927,Female,18,Northern China
628,Kong,Youqing,11511127,Female,25,Northern China
629,Wei,Maoan,11912623,Male,21,Northern China
630,Johnson,Della,12110324,Female,19,Asia
631,Feng,Shuliu,12011917,Female,20,Eastern China
632,Shen,Mengchao,11712520,Male,23,Eastern China
633,Zhou,Yuandong,11810916,Female,22,Eastern China
634,Zou,Moyu,11412816,Male,26,Southern China
635,Bai,Zibin,12212719,Male,18,Southern China
636,Wu,Fanrui,11910524,Male,21,Northern China
637,Clarke,Hilda,11711214,Female,23,Europe
638,Sun,Nianlan,11612806,Female,24,Northern China
639,Jiang,Shengxiang,12012116,Male,20,Northern China
640,Qi,Xiangling,11412101,Female,26,Northern China
641,Wang,Shuliu,11612805,Female,24,Northern China
642,Zheng,Rusi,12212008,Female,18,Northern China
643,Han,Pingtian,11612918,Female,24,Eastern China
644,Bai,Dongshuang,11812124,Female,22,Eastern China
645,Wei,Shiyan,11612717,Female,24,Eastern China
646,Zhou,Yishuang,11212719,Female,28,Eastern China
647,Chen,Dongyan,11511625,Female,25,Northern China
648,Lv,Ruoke,12111718,Male,19,Northern China
649,Chu,Yingzhi,12211403,Female,18,Northern China
650,Yang,Youling,11111429,Female,29,Northern China
651,Jiang,Yahe,11710215,Female,23,Northern China
652,Taylor,Natalie,11812022,Female,22,Europe
653,Kong,Huaibai,11711922,Female,23,Eastern China
654,Sun,Hanxuan,12112329,Female,19,Eastern China
655,Xie,Yuyang,11611903,Female,24,Eastern China
656,Zhang,Qintao,11911428,Male,21,Eastern China
657,Li,Jingwen,12211405,Male,18,Southern China
658,You,Dongsi,11312609,Female,27,Northern China
659,Qian,Xiaofeng,11912507,Female,21,Southwestern China
660,Xie,Minghan,11710721,Male,23,Southwestern China
661,Zhang,Yunzhi,12211001,Male,18,Southwestern China
662,Yang,Jingjie,11110816,Male,29,Southwestern China
663,Kong,Chengjun,11611223,Male,24,Southwestern China
664,Li,Bingzhi,11110624,Male,29,Southwestern China
665,Dou,Youyi,11512325,Female,25,Southwestern China
666,Bai,Youyi,11712115,Female,23,Southwestern China
667,Edwards,Richard,11710209,Male,23,Europe
668,Roberts,Carl,11512914,Male,25,Europe
669,Zhao,Rongchun,11410306,Male,26,Northern China
670,Shui,Zuirou,12210519,Female,18,Northern China
671,He,Wenyin,11712128,Male,23,Northern China
672,Shui,Zhuyu,11112312,Male,29,Northern China
673,Bai,Muhua,11112928,Male,29,Southern China
674,Li,Yingtian,11610219,Female,24,Southern China
675,Chu,Shengxiang,11111715,Male,29,Southern China
676,Qian,Yuyang,12211322,Female,18,Southern China
677,Bai,Ningzhen,11512213,Female,25,Southern China
678,He,Hongbang,12012629,Male,20,Southern China
679,Wu,Jiayu,12110800,Male,19,Southern China
680,Jiang,Hanlan,11910709,Female,21,Southern China
681,Qian,Huahong,12112825,Male,19,Southern China
682,Zhao,Zhengsong,11812108,Male,22,Southern China
683,Zou,Moyu,11512017,Male,25,Southern China
684,Yan,Panhai,11612902,Female,24,Southern China
685,Chen,Chundie,11611410,Female,24,Southern China
686,Wang,Qiuyan,11512823,Female,25,Southern China
687,Qi,Guqiu,12211619,Female,18,Southern China
688,Yang,Congde,12111621,Male,19,Southern China
689,Yu,Youcui,11311215,Female,27,Southern China
690,Han,Changfei,11310719,Male,27,Southern China
691,Yang,Penglong,11210418,Male,28,Southern China
692,Hua,Boran,11910910,Male,21,Southern China
693,Shen,Yuming,12111401,Male,19,Northern China
694,Wu,Nuobo,11710328,Male,23,Northern China
695,Wang,Qimei,11111727,Female,29,Northern China
696,Chen,Gurui,11911609,Female,21,Northern China
697,Shi,Yishan,11410520,Male,26,Northern China
698,Dou,Lingzhi,11210503,Female,28,Northern China
699,Hughes,Malachi,12011310,Male,20,Asia
700,Hughes,Montgomery,11612520,Male,24,Asia
701,White,Jess,12010010,Female,20,Asia
702,Taylor,Flora,12110925,Female,19,Asia
703,Johnson,Hortensia,11610812,Female,24,Asia
704,Hall,Di,11611609,Female,24,Asia
705,Kong,Ningbai,12211404,Female,18,Southern China
706,Qian,Jichen,12010114,Male,20,Southern China
707,Wu,Ruoyan,12212423,Female,18,Southern China
708,Dou,Yishuang,11810411,Female,22,Southern China
709,Wu,Yuke,11911319,Male,21,Southern China
710,Li,Jingwen,11811618,Male,22,Southern China
711,Jones,Stewart,12011126,Male,20,Asia
712,Shui,Yihan,11612710,Female,24,Eastern China
713,Chu,Wenming,12012809,Male,20,Eastern China
714,Cao,Hanming,12011206,Male,20,Northern China
715,Yan,Conglei,11411014,Female,26,Northern China
716,Hall,June,11212228,Female,28,Asia
717,Kong,Shanwei,12111303,Female,19,Southern China
718,Qian,Junqin,11112406,Male,29,Southern China
719,Lv,Jiamin,11112214,Male,29,Southern China
720,Zhou,Lewen,12110502,Male,19,Southern China
721,Yan,Shilan,11810712,Female,22,Southern China
722,Wang,Jiayu,11311904,Male,27,Southern China
723,Han,Yuzhou,11810727,Male,22,Southern China
724,Lv,Xinyue,11212025,Male,28,Southern China
725,Xu,Shiyun,11110325,Female,29,Southern China
726,You,Jingyun,11511007,Male,25,Northern China
727,Cao,Feilei,12111027,Female,19,Northern China
728,Lv,Jianrong,11312113,Male,27,Southern China
729,Yang,Feining,11311326,Female,27,Southern China
730,Yan,Rongchun,11310908,Male,27,Southern China
731,Wei,Xiaoshan,11810204,Female,22,Northern China
732,Xu,Yuanhong,11112611,Male,29,Northern China
733,Cao,Yueqi,11911416,Male,21,Northern China
734,Han,"",11511019,Female,25,Northern China
735,Zhu,Yunzhi,12212520,Male,18,Northern China
736,Wang,Feifeng,11611812,Female,24,Northern China
737,Qian,Bochang,11310722,Male,27,Southern China
738,Shen,Tianfan,11810110,Female,22,Southern China
739,Kong,Xiangzhe,11810719,Male,22,Southern China
740,Xu,"",11711207,Female,23,Southern China
741,Jing,Jishan,11411022,Female,26,Southern China
742,Qian,Yaxia,11312522,Female,27,Southern China
743,Tao,Bochang,11811908,Male,22,Southern China
744,Sun,Yankun,11710812,Male,23,Eastern China
745,Zheng,Zibin,11810907,Male,22,Eastern China
746,Zhu,Yiye,11111203,Male,29,Eastern China
747,You,Taian,11310827,Male,27,Eastern China
748,Shui,Mengbai,11111801,Female,29,Eastern China
749,Cao,Ruyu,11411127,Male,26,Eastern China
750,Smith,Leila,11410413,Female,26,Asia
751,Yang,Zhengkai,12210019,Male,18,Northern China
752,Yang,Jingwen,11912109,Male,21,Northern China
753,Chu,Qiuman,11711516,Female,23,Eastern China
754,Jiang,Yibo,11110502,Female,29,Southern China
755,Han,Chenjia,11811626,Male,22,Southern China
756,Zou,Youling,12011525,Female,20,Southern China
757,Yan,Linghai,11711129,Female,23,Southern China
758,Wu,Fanrui,11410806,Male,26,Southern China
759,Thompson,Dora,12012028,Female,20,Asia
760,Bai,Jingping,11711304,Female,23,Northern China
761,Xu,Dongqing,11111906,Female,29,Southern China
762,Hua,Yizhen,11210921,Female,28,Southern China
763,White,Joanne,11112718,Female,29,Asia
764,Shen,Mingliang,11210513,Male,28,Eastern China
765,Liu,Mengbai,12212112,Female,18,Eastern China
766,He,Pengxiao,11410208,Male,26,Eastern China
767,Jiang,Jingwen,11611029,Male,24,Southern China
768,Xu,Hanxuan,12212302,Female,18,Southern China
769,Bai,Yingtian,11710903,Female,23,Southern China
770,Zhang,Mimei,11411716,Female,26,Southern China
771,Shen,Yuzhou,12210904,Male,18,Southern China
772,Wei,Zhuodong,12111620,Male,19,Southern China
773,Zou,Muman,12011005,Female,20,Southern China
774,Tao,Xixia,11411217,Female,26,Southern China
775,Liu,Jinquan,11410326,Male,26,Southern China
776,Yan,Ningyang,11510005,Female,25,Southern China
777,Xu,Qintao,11412110,Male,26,Southern China
778,Jing,Qize,12112114,Male,19,Southern China
779,Kong,Qiaobai,12112222,Female,19,Southern China
780,Jiang,Lengrou,11510629,Female,25,Southern China
781,Wei,Ruichen,11310514,Male,27,Southern China
782,Jiang,Yixuan,11711321,Male,23,Southwestern China
783,Shui,Rusi,11410708,Female,26,Eastern China
784,Qi,Yishan,12110728,Male,19,Southern China
785,Shen,Jinquan,12112115,Male,19,Southern China
786,Tao,Yishan,11611408,Female,24,Southern China
787,Jing,Binzhu,11410313,Male,26,Southern China
788,Dou,Youtong,12112827,Male,19,Southern China
789,He,Yukun,11210611,Male,28,Southern China
790,Davies,Tommy,11110313,Male,29,Asia
791,Kong,Maoan,11410027,Male,26,Southern China
792,Zheng,Manlv,11812319,Female,22,Eastern China
793,Shi,Binggan,11511914,Male,25,Eastern China
794,You,Xiangxing,11812905,Male,22,Eastern China
795,Qing,Muhao,11812226,Male,22,Eastern China
796,Qian,Qianyi,11812011,Female,22,Eastern China
797,Yan,Yusong,11412919,Female,26,Eastern China
798,Qian,Yuanxiang,11510606,Male,25,Eastern China
799,Wu,Ruyu,11211012,Male,28,Eastern China
800,Chen,Xiangman,11610012,Female,24,Eastern China
801,Zhou,Yihao,11411506,Male,26,Eastern China
802,Wang,Chumei,12210114,Female,18,Eastern China
803,Shen,Lisheng,11612606,Male,24,Eastern China
804,Yu,Yixian,11512521,Male,25,Northern China
805,Xu,Nuobo,11410007,Male,26,Southern China
806,Yan,Yingzhi,11512220,Female,25,Northern China
807,Wei,Yangyang,11610603,Male,24,Southern China
808,Yu,Qizheng,11812213,Male,22,Southwestern China
809,Sun,Yinger,11910404,Female,21,Southwestern China
810,Jiang,Weian,11110209,Male,29,Southwestern China
811,He,Ruoyun,12112420,Female,19,Eastern China
812,Xu,Ruichen,11110923,Male,29,Eastern China
813,Zhou,Huiran,12111125,Male,19,Eastern China
814,Lv,Yunzhi,11311914,Male,27,Eastern China
815,Zhao,Yuxuan,12012001,Male,20,Eastern China
816,Zhu,Hanxuan,12012712,Female,20,Eastern China
817,Zou,Linshan,12111022,Male,19,Eastern China
818,Chu,Linchuan,11311115,Male,27,Eastern China
819,Jing,Nianlan,11210928,Female,28,Eastern China
820,Qian,Yupeng,12210320,Male,18,Eastern China
821,Hua,Cailing,11710900,Female,23,Eastern China
822,Han,Anxuan,11912220,Female,21,Eastern China
823,Zou,Youyi,12111519,Female,19,Eastern China
824,Feng,Runbin,11411706,Male,26,Eastern China
825,Bai,Chutai,11710729,Male,23,Eastern China
826,Yan,Zicheng,11310924,Male,27,Eastern China
827,Zou,Xintao,11411211,Male,26,Southern China
828,Yang,"",11112716,Female,29,Southern China
829,Kong,Nianyang,11912112,Female,21,Northern China
830,Hua,Zhuodong,11312223,Male,27,Northern China
831,He,Qizhen,11811901,Female,22,Southern China
832,Jing,Shiyi,11110226,Male,29,Southern China
833,Wei,Bingzhi,12210821,Male,18,Southern China
834,He,Huaibai,11210316,Female,28,Southern China
835,Han,Peixiang,11411326,Female,26,Southern China
836,Chen,Yuanjun,12210926,Male,18,Southern China
837,Qian,Yukun,12011706,Male,20,Southwestern China
838,Zhou,Qimei,11411124,Female,26,Southwestern China
839,He,Leshuang,11111024,Female,29,Southern China
840,He,Hanan,11810014,Female,22,Southern China
841,Sun,Haoyan,11912616,Male,21,Southern China
842,Qing,Yousong,12111607,Female,19,Southern China
843,Sun,Shizhen,11211915,Female,28,Eastern China
844,Zheng,Rongchun,11510812,Male,25,Eastern China
845,Tao,Zhiyong,11210219,Male,28,Southern China
846,Jiang,Yingzhi,11811718,Female,22,Southern China
847,Yu,Shuzhen,11211904,Female,28,Southern China
848,Zhang,Runyi,11910127,Male,21,Eastern China
849,Qian,Yuyang,12210916,Female,18,Southern China
850,Shen,Zhengsong,12112013,Male,19,Southern China
851,Shen,Shitong,12112802,Female,19,Eastern China
852,Zhang,Yousong,11412615,Female,26,Eastern China
853,Dou,Yunshuo,11111829,Male,29,Eastern China
854,Jiang,Tingping,12012726,Female,20,Northern China
855,Yu,Ruichen,11110410,Male,29,Eastern China
856,Sun,Ruyu,11511728,Male,25,Eastern China
857,Zhang,Benqing,12210029,Male,18,Eastern China
858,Tao,Ercui,12111202,Female,19,Southern China
859,Han,Hengran,11411320,Male,26,Southwestern China
860,Lv,Shizhen,11511902,Female,25,Southwestern China
861,Hua,Siyu,11112503,Male,29,Southwestern China
862,Chen,Yueqi,11512800,Male,25,Southwestern China
863,Kong,Pinglv,11711716,Female,23,Southwestern China
864,Wei,Yingtian,11811816,Female,22,Southwestern China
865,Sun,Tianlan,11910725,Female,21,Eastern China
866,Qing,Canning,11911411,Male,21,Eastern China
867,Xu,Bingzhi,12011115,Male,20,Eastern China
868,Zhu,Rufeng,11311510,Female,27,Southwestern China
869,Qian,Yiyu,11912900,Female,21,Southwestern China
870,Zhou,Yaokun,11312823,Male,27,Southwestern China
871,Jing,Muhua,12211621,Male,18,Southwestern China
872,Qi,Gulian,11712400,Female,23,Southwestern China
873,You,Boran,11711218,Male,23,Southwestern China
874,Li,Lewen,11611225,Male,24,Southwestern China
875,Zou,Zhidie,11611117,Female,24,Southwestern China
876,Qian,Qianqiu,11710621,Female,23,Southwestern China
877,Zhou,Huanqing,11911206,Female,21,Southwestern China
878,Shi,Runyi,11210628,Male,28,Southwestern China
879,Qi,Yinxiang,12210722,Male,18,Southwestern China
880,He,Banxiang,11211615,Female,28,Eastern China
881,Xu,Zhuyu,11610802,Male,24,Eastern China
882,Yang,Hanzhe,11612023,Male,24,Eastern China
883,Yang,Manyun,11311818,Female,27,Eastern China
884,Xu,Honglin,11111703,Male,29,Eastern China
885,Jiang,Rusi,11210524,Female,28,Eastern China
886,Shui,Nuobo,12111922,Male,19,Eastern China
887,Wang,Mucheng,11210307,Male,28,Eastern China
888,Zhou,Canqi,11912729,Male,21,Eastern China
889,Tao,Chengjun,11210724,Male,28,Eastern China
890,Zheng,Jingyun,12212519,Male,18,Eastern China
891,Kong,Yishan,12011017,Male,20,Eastern China
892,Chen,Hanfeng,11711517,Female,23,Eastern China
893,Qing,Jingping,11810008,Female,22,Southwestern China
894,Qi,Jiabin,11210706,Male,28,Southwestern China
895,Zou,Huasheng,11411213,Male,26,Southern China
896,Zhang,"",11710100,Female,23,Eastern China
897,Qing,Chumei,11310711,Female,27,Eastern China
898,Sun,Jiaxuan,12110710,Male,19,Eastern China
899,Shen,Yangchen,11410600,Male,26,Eastern China
900,Qing,Pingning,12212516,Female,18,Eastern China
901,Xu,Dongsi,11410915,Female,26,Eastern China
902,Zou,Banqin,11910808,Female,21,Southern China
903,Qian,Shunhang,11510516,Male,25,Southern China
904,Liu,Wenjing,11812101,Male,22,Southern China
905,Yan,Yuanxiang,11610809,Male,24,Eastern China
906,Cao,Zicheng,11410907,Male,26,Eastern China
907,Wei,Youman,11710213,Female,23,Southern China
908,Yu,Chutai,11110407,Male,29,Eastern China
909,Xie,Jiafu,11211902,Male,28,Eastern China
910,Tao,Shuxuan,11111424,Female,29,Southern China
911,Yu,Huasheng,11711115,Male,23,Eastern China
912,Zhu,Yuanchun,11310220,Female,27,Eastern China
913,Chu,Runyi,11410122,Male,26,Eastern China
914,Sun,Wenyan,11412417,Female,26,Eastern China
915,Zhu,Honglin,11210312,Male,28,Eastern China
916,Shi,Hongbang,11811124,Male,22,Eastern China
917,Kong,Xiaocui,12010920,Female,20,Eastern China
918,Jing,Ziyan,11812908,Male,22,Southern China
919,Wang,Lisheng,11311223,Male,27,Eastern China
920,Bai,Ermei,11111609,Female,29,Southern China
921,Kong,Yuandong,11610829,Female,24,Southern China
922,Shi,Tingping,12111228,Female,19,Southwestern China
923,Zhou,Zhuodong,11512607,Male,25,Southwestern China
924,Xie,Ercui,11412600,Female,26,Southwestern China
925,Kong,Xumeng,11510129,Male,25,Southwestern China
926,Han,Haizhen,11311306,Female,27,Southwestern China
927,You,Qiaoqing,11212203,Female,28,Southwestern China
928,Jiang,Jiaji,12111524,Male,19,Eastern China
929,Zhang,Binzhu,11711509,Male,23,Eastern China
930,Zhang,Miaorui,11610903,Male,24,Eastern China
931,Chen,Ziquan,11112317,Male,29,Eastern China
932,Yang,Baitao,11111206,Female,29,Eastern China
933,Kong,Aonan,11512419,Female,25,Eastern China
934,Bai,Hanzhe,11912012,Male,21,Eastern China
935,Shi,Guzhu,11911722,Female,21,Eastern China
936,You,Ruoke,11612314,Male,24,Southwestern China
937,Shui,Huaiyun,12012601,Female,20,Southwestern China
938,Xie,Wenyan,11512702,Female,25,Southwestern China
939,Shen,Haifeng,12211729,Female,18,Southwestern China
940,Yang,Guqiu,11911407,Female,21,Southwestern China
941,Qian,Linghan,12112206,Female,19,Southwestern China
942,Qing,Benqing,11511421,Male,25,Eastern China
943,Li,Benqing,11111624,Male,29,Eastern China
944,Wei,Shiyi,11311313,Male,27,Eastern China
945,Qian,Jishan,11410411,Female,26,Southwestern China
946,Chu,Guqiu,12212528,Female,18,Southwestern China
947,He,Yihao,12011011,Male,20,Southwestern China
948,Xu,Yishan,11612829,Male,24,Eastern China
949,Xu,Jiashu,12010216,Male,20,Eastern China
950,He,Hanxiang,12010024,Male,20,Eastern China
951,Qian,Banxiang,12112920,Female,19,Eastern China
952,Xie,Tingqin,11610322,Female,24,Southwestern China
953,Zhang,Zhixiang,11411810,Male,26,Southern China
954,Qing,"",12212622,Female,18,Eastern China
955,Chen,Haoyan,11310607,Male,27,Eastern China
956,Chen,Jiashuai,12111814,Male,19,Eastern China
957,Chen,Chenjia,11911913,Male,21,Eastern China
958,Jing,Yishan,12012023,Female,20,Eastern China
959,You,Qicheng,11110306,Male,29,Eastern China
960,Hua,Zhaoyu,11210013,Male,28,Eastern China
961,Zhou,Miyan,12211926,Female,18,Southwestern China
962,Yu,Haonan,12210804,Male,18,Southwestern China
963,Xie,Pingning,11712725,Female,23,Southwestern China
964,Chen,Jiabin,11410308,Male,26,Southwestern China
965,Zhao,Yankun,11412126,Male,26,Southwestern China
966,Dou,Wanzhi,11210923,Female,28,Southwestern China
967,He,Yuke,11411011,Male,26,Southwestern China
968,You,Shaohu,11911822,Male,21,Southwestern China
969,Liu,Miaorui,12011102,Male,20,Southwestern China
970,Zhao,Yihao,12012128,Male,20,Eastern China
971,Shen,Mengbai,11910305,Female,21,Southwestern China
972,He,Xinyue,12110813,Male,19,Southwestern China
973,Chu,Jingwen,12111726,Male,19,Southwestern China
974,Jiang,Fanrui,11412215,Male,26,Southwestern China
975,Zou,Muxue,11410104,Female,26,Southwestern China
976,Qian,Jiaxuan,12211323,Male,18,Southwestern China
977,Shi,Zhuodong,11910007,Male,21,Eastern China
978,Zheng,Lvping,11712901,Female,23,Southwestern China
979,Zhu,Tinghan,11612201,Female,24,Southwestern China
980,Zhu,Weian,11211004,Male,28,Southwestern China
981,He,Ruixun,11212015,Male,28,Southwestern China
982,Tao,Manrui,11712513,Male,23,Southwestern China
983,Bai,Rusi,11210225,Female,28,Southwestern China
984,Shi,Wenming,11112303,Male,29,Southwestern China
985,Tao,Yibo,12210416,Female,18,Southwestern China
986,Wu,Xiangchen,11510914,Male,25,Southwestern China
987,Zhou,Yanbai,12012818,Female,20,Southwestern China
988,Chen,Nianer,12212709,Female,18,Southwestern China
989,Yan,Shumeng,12210614,Female,18,Southwestern China
990,Shui,Ruoyan,11610619,Female,24,Southwestern China
